boro_code,ct2010,c_lat,c_lon
5,000900,40.642,-74.083
1,009800,40.756,-73.968
1,010200,40.759,-73.974
1,010400,40.761,-73.978
1,011300,40.755,-73.988
1,013000,40.773,-73.965
1,018400,40.8,-73.945
1,020600,40.808,-73.939
1,024900,40.839,-73.936
1,026900,40.851,-73.931
3,000501,40.696,-73.995
3,005800,40.619,-74.032
3,006000,40.622,-74.032
3,007400,40.642,-74.017
3,007800,40.646,-74.012
3,009800,40.644,-74.008
3,010200,40.639,-74.013
3,010400,40.637,-74.008
3,012801,40.631,-74.013
3,013700,40.67,-73.985
3,013900,40.668,-73.987
3,015100,40.666,-73.983
3,015300,40.668,-73.981
3,015500,40.671,-73.979
3,017000,40.61,-74.013
3,018800,40.617,-74.003
3,019000,40.621,-74.0
3,019400,40.626,-74.001
3,019500,40.691,-73.967
3,019600,40.623,-74.004
3,019800,40.619,-74.007
3,020400,40.623,-74.013
3,021200,40.629,-74.006
3,022200,40.638,-73.993
3,023500,40.693,-73.958
3,023600,40.632,-73.99
3,023800,40.631,-73.991
3,024000,40.629,-73.993
3,024200,40.626,-73.993
3,024500,40.683,-73.952
3,024600,40.618,-73.981
3,024900,40.683,-73.948
3,025200,40.62,-73.992
3,025800,40.613,-73.987
3,026000,40.617,-73.992
3,026300,40.689,-73.945
3,026600,40.613,-73.99
3,026700,40.684,-73.944
3,026900,40.681,-73.943
3,027000,40.606,-73.99
3,027200,40.608,-73.993
3,027300,40.681,-73.937
3,027800,40.607,-74.001
3,027900,40.69,-73.939
3,028400,40.606,-73.999
3,028800,40.605,-73.997
3,029100,40.69,-73.934
3,029300,40.687,-73.933
3,029800,40.601,-73.988
3,030000,40.597,-73.989
3,030900,40.676,-73.933
3,031701,40.674,-73.95
3,032900,40.663,-73.948
3,033700,40.669,-73.942
3,033900,40.671,-73.942
3,034100,40.674,-73.945
3,034200,40.574,-73.997
3,038800,40.593,-73.969
3,039600,40.597,-73.97
3,039900,40.69,-73.918
3,040400,40.602,-73.985
3,041300,40.69,-73.911
3,041401,40.602,-73.971
3,041500,40.692,-73.914
3,041700,40.694,-73.918
3,041900,40.695,-73.921
3,042800,40.606,-73.984
3,042900,40.702,-73.923
3,043000,40.609,-73.984
3,043300,40.698,-73.916
3,043400,40.61,-73.977
3,043500,40.695,-73.912
3,043600,40.613,-73.978
3,043900,40.697,-73.909
3,044000,40.613,-73.971
3,044100,40.701,-73.914
3,044200,40.612,-73.966
3,044300,40.703,-73.917
3,044400,40.616,-73.969
3,044600,40.615,-73.976
3,045200,40.62,-73.968
3,045400,40.619,-73.965
3,047000,40.626,-73.987
3,047200,40.627,-73.984
3,047600,40.631,-73.981
3,049500,40.712,-73.943
3,049900,40.721,-73.947
3,050300,40.712,-73.947
3,050500,40.708,-73.945
3,051001,40.646,-73.96
3,051400,40.643,-73.961
3,051601,40.639,-73.957
3,051602,40.642,-73.958
3,051700,40.721,-73.954
3,051800,40.638,-73.961
3,052800,40.631,-73.963
3,053200,40.626,-73.96
3,053400,40.623,-73.963
3,053800,40.618,-73.957
3,054200,40.613,-73.961
3,054400,40.613,-73.957
3,055000,40.609,-73.952
3,055200,40.608,-73.956
3,055800,40.604,-73.955
3,056000,40.604,-73.951
3,056200,40.605,-73.948
3,056400,40.607,-73.943
3,056600,40.603,-73.941
3,056800,40.603,-73.938
3,056900,40.724,-73.952
3,057000,40.599,-73.937
3,057100,40.725,-73.948
3,057200,40.596,-73.938
3,057300,40.728,-73.949
3,057400,40.601,-73.944
3,057600,40.6,-73.948
3,057800,40.599,-73.952
3,058000,40.599,-73.955
3,058600,40.595,-73.955
3,059200,40.592,-73.951
3,059401,40.593,-73.948
3,059402,40.595,-73.943
3,059600,40.591,-73.94
3,060000,40.587,-73.946
3,063200,40.6,-73.932
3,063600,40.61,-73.936
3,063800,40.607,-73.939
3,064000,40.611,-73.94
3,064600,40.616,-73.94
3,064800,40.618,-73.936
3,065000,40.62,-73.934
3,065200,40.615,-73.93
3,065400,40.613,-73.932
3,065600,40.613,-73.935
3,065800,40.608,-73.931
3,066000,40.609,-73.928
3,067000,40.613,-73.923
3,067200,40.619,-73.928
3,067400,40.62,-73.93
3,067600,40.625,-73.927
3,067800,40.626,-73.923
3,068000,40.621,-73.925
3,068200,40.617,-73.924
3,068600,40.615,-73.917
3,068800,40.617,-73.919
3,069000,40.62,-73.921
3,069200,40.624,-73.92
3,072800,40.629,-73.927
3,073400,40.628,-73.937
3,074000,40.627,-73.941
3,074800,40.622,-73.947
3,075200,40.626,-73.953
3,076000,40.621,-73.955
3,076200,40.626,-73.956
3,076800,40.619,-73.961
3,078400,40.634,-73.943
3,079601,40.657,-73.958
3,080000,40.661,-73.954
3,080400,40.659,-73.949
3,081400,40.654,-73.94
3,081800,40.653,-73.948
3,083200,40.642,-73.942
3,083600,40.637,-73.935
3,083800,40.642,-73.935
3,084000,40.642,-73.931
3,084800,40.646,-73.928
3,085000,40.646,-73.932
3,086200,40.65,-73.928
3,086400,40.654,-73.924
3,086800,40.654,-73.93
3,087000,40.654,-73.933
3,087800,40.659,-73.931
3,089000,40.657,-73.915
3,089600,40.658,-73.912
3,089800,40.663,-73.914
3,090200,40.668,-73.915
3,091600,40.659,-73.909
3,092400,40.667,-73.911
3,092800,40.652,-73.912
3,093000,40.65,-73.915
3,096400,40.642,-73.907
3,096600,40.641,-73.903
3,096800,40.644,-73.904
3,097000,40.647,-73.907
3,098400,40.647,-73.892
3,098600,40.645,-73.894
3,099200,40.637,-73.901
3,099400,40.636,-73.904
3,100400,40.631,-73.904
3,100600,40.632,-73.901
3,100800,40.634,-73.898
3,101000,40.636,-73.895
3,101400,40.642,-73.891
3,101600,40.643,-73.888
3,102000,40.638,-73.887
3,102400,40.633,-73.893
3,102600,40.63,-73.898
3,111000,40.661,-73.881
3,112400,40.666,-73.887
3,112600,40.665,-73.893
3,112800,40.662,-73.892
3,113000,40.662,-73.896
3,113400,40.668,-73.9
3,114600,40.679,-73.892
3,115200,40.673,-73.891
3,115600,40.668,-73.896
3,116000,40.669,-73.889
3,116400,40.671,-73.881
3,117000,40.678,-73.886
3,117201,40.681,-73.888
3,117202,40.683,-73.884
3,119400,40.673,-73.877
2,003800,40.82,-73.863
2,004001,40.828,-73.858
2,004400,40.827,-73.866
2,004800,40.827,-73.874
2,006800,40.829,-73.871
2,007000,40.83,-73.866
2,012101,40.828,-73.889
2,012500,40.829,-73.894
2,016200,40.829,-73.822
2,017500,40.831,-73.914
2,017902,40.837,-73.913
2,020601,40.837,-73.851
2,022102,40.838,-73.916
2,022300,40.841,-73.915
2,023200,40.847,-73.863
2,024600,40.852,-73.861
2,025400,40.848,-73.852
2,028700,40.883,-73.905
2,030100,40.883,-73.918
2,031200,40.862,-73.842
2,031400,40.862,-73.846
2,033000,40.862,-73.866
2,036800,40.875,-73.856
2,039400,40.886,-73.863
2,039600,40.884,-73.859
2,039800,40.883,-73.853
2,040303,40.87,-73.893
2,040304,40.868,-73.895
2,040400,40.886,-73.851
2,040501,40.867,-73.891
2,040502,40.866,-73.889
2,040600,40.888,-73.857
2,040701,40.872,-73.89
2,042200,40.891,-73.855
2,042300,40.877,-73.877
2,042400,40.889,-73.85
2,042800,40.895,-73.846
2,042902,40.877,-73.874
2,043000,40.893,-73.851
2,043400,40.898,-73.852
2,043600,40.897,-73.85
4,001000,40.691,-73.859
4,001600,40.69,-73.855
4,002800,40.692,-73.844
4,003100,40.753,-73.934
4,005100,40.756,-73.932
4,006502,40.767,-73.915
4,009400,40.681,-73.837
4,010200,40.679,-73.823
4,010400,40.683,-73.827
4,011200,40.684,-73.839
4,011300,40.776,-73.908
4,011400,40.688,-73.842
4,011700,40.772,-73.91
4,011900,40.771,-73.906
4,012100,40.773,-73.904
4,012400,40.695,-73.834
4,012601,40.694,-73.837
4,012602,40.693,-73.841
4,012800,40.698,-73.84
4,014000,40.704,-73.829
4,014300,40.766,-73.912
4,014500,40.764,-73.908
4,014700,40.763,-73.911
4,014900,40.762,-73.914
4,015300,40.758,-73.914
4,015400,40.692,-73.821
4,015600,40.69,-73.821
4,015802,40.688,-73.82
4,016800,40.679,-73.817
4,017200,40.682,-73.811
4,025900,40.749,-73.904
4,026901,40.747,-73.882
4,026902,40.745,-73.883
4,027100,40.745,-73.879
4,027300,40.752,-73.873
4,027400,40.685,-73.789
4,027500,40.752,-73.876
4,027700,40.753,-73.878
4,027900,40.752,-73.88
4,028000,40.688,-73.78
4,028300,40.751,-73.885
4,028500,40.751,-73.887
4,028900,40.751,-73.892
4,032700,40.758,-73.885
4,035100,40.759,-73.877
4,037500,40.751,-73.87
4,037700,40.756,-73.869
4,037900,40.755,-73.864
4,039400,40.69,-73.759
4,040000,40.698,-73.765
4,040200,40.7,-73.769
4,040300,40.751,-73.86
4,041300,40.745,-73.861
4,041500,40.747,-73.857
4,043400,40.696,-73.779
4,044301,40.741,-73.859
4,044602,40.708,-73.8
4,044800,40.711,-73.803
4,045700,40.738,-73.87
4,045900,40.74,-73.871
4,046700,40.745,-73.875
4,046900,40.745,-73.877
4,049600,40.717,-73.753
4,050202,40.71,-73.759
4,050800,40.707,-73.755
4,051200,40.71,-73.75
4,051800,40.702,-73.752
4,052000,40.701,-73.755
4,052400,40.701,-73.762
4,052600,40.697,-73.76
4,053000,40.696,-73.753
4,053601,40.707,-73.746
4,054000,40.713,-73.743
4,054200,40.719,-73.746
4,054500,40.706,-73.913
4,054700,40.704,-73.91
4,054900,40.702,-73.908
4,055100,40.702,-73.904
4,055300,40.699,-73.907
4,055600,40.726,-73.745
4,055800,40.723,-73.742
4,058500,40.704,-73.899
4,058700,40.707,-73.9
4,058900,40.706,-73.905
4,059100,40.708,-73.91
4,059300,40.71,-73.903
4,059400,40.698,-73.731
4,059600,40.697,-73.737
4,059800,40.698,-73.741
4,059900,40.717,-73.902
4,060000,40.695,-73.733
4,060600,40.692,-73.735
4,060800,40.694,-73.741
4,061400,40.686,-73.73
4,062700,40.704,-73.886
4,065702,40.713,-73.883
4,065703,40.715,-73.875
4,066000,40.659,-73.733
4,067100,40.724,-73.878
4,067700,40.719,-73.872
4,067900,40.724,-73.87
4,069300,40.729,-73.863
4,069500,40.726,-73.868
4,069701,40.727,-73.86
4,071900,40.735,-73.856
4,072100,40.731,-73.854
4,072900,40.713,-73.852
4,073900,40.724,-73.844
4,074100,40.728,-73.847
4,074300,40.732,-73.849
4,077906,40.729,-73.819
4,079900,40.747,-73.827
4,086100,40.757,-73.818
4,103300,40.779,-73.81
4,114700,40.768,-73.802
4,115700,40.768,-73.815
4,116100,40.767,-73.826
4,117500,40.761,-73.796
4,118700,40.76,-73.813
4,119300,40.757,-73.8
4,119500,40.755,-73.799
4,120300,40.749,-73.813
4,120500,40.751,-73.817
4,133900,40.729,-73.79
4,145102,40.753,-73.778
4,157901,40.745,-73.705
4,003200,40.687,-73.847
2,036901,40.844,-73.892
2,036902,40.843,-73.893
2,040302,40.868,-73.892
2,026702,40.872,-73.9
2,023302,40.848,-73.905
4,018800,40.682,-73.8
4,019200,40.684,-73.801
4,017400,40.681,-73.81
4,017600,40.679,-73.81
4,013800,40.707,-73.825
4,028400,40.683,-73.778
4,071303,40.726,-73.85
4,077902,40.725,-73.825
4,017000,40.684,-73.812
4,019400,40.686,-73.803
3,097400,40.647,-73.9
3,044500,40.705,-73.92
3,006600,40.632,-74.028
2,032800,40.862,-73.863
3,008600,40.648,-74.004
3,117602,40.686,-73.874
3,034900,40.668,-73.93
3,035100,40.668,-73.933
4,005500,40.754,-73.928
1,011900,40.757,-73.986
1,012500,40.76,-73.984
1,029300,40.866,-73.92
3,020000,40.621,-74.009
3,020200,40.622,-74.011
2,015800,40.825,-73.819
2,015200,40.826,-73.825
3,083400,40.642,-73.938
3,085400,40.645,-73.943
2,022403,40.856,-73.865
2,044800,40.895,-73.841
2,034400,40.868,-73.857
3,025901,40.695,-73.946
3,025902,40.697,-73.945
2,022404,40.853,-73.866
4,094700,40.786,-73.841
3,098200,40.651,-73.894
4,140300,40.748,-73.77
4,061302,40.709,-73.883
4,062300,40.704,-73.878
4,062500,40.704,-73.882
4,074500,40.736,-73.851
4,114100,40.769,-73.797
4,045000,40.714,-73.805
4,122300,40.735,-73.799
4,134100,40.735,-73.791
2,033201,40.859,-73.869
4,015200,40.694,-73.814
4,004700,40.76,-73.933
3,111800,40.669,-73.876
4,092500,40.782,-73.845
3,076600,40.633,-73.957
1,012000,40.767,-73.965
3,052900,40.706,-73.955
4,045600,40.717,-73.794
2,021100,40.84,-73.924
4,050500,40.729,-73.875
2,022800,40.853,-73.864
2,027300,40.874,-73.903
2,042000,40.893,-73.86
2,040800,40.89,-73.862
3,025700,40.698,-73.947
2,026701,40.869,-73.901
4,063301,40.704,-73.875
2,024400,40.846,-73.858
4,086500,40.763,-73.825
4,104700,40.775,-73.82
4,115900,40.769,-73.821
2,022703,40.844,-73.91
2,022702,40.845,-73.913
5,017009,40.543,-74.19
1,015001,40.78,-73.959
4,004500,40.765,-73.934
4,005300,40.76,-73.929
3,117400,40.683,-73.88
3,117601,40.685,-73.877
3,003600,40.635,-74.031
3,006800,40.635,-74.026
4,005700,40.757,-73.926
4,054800,40.723,-73.751
4,047300,40.737,-73.876
2,030000,40.852,-73.831
4,015700,40.755,-73.922
3,013500,40.673,-73.983
3,051100,40.708,-73.949
3,016900,40.659,-73.981
1,022600,40.813,-73.945
3,102200,40.636,-73.89
1,005501,40.728,-73.997
1,020800,40.81,-73.942
3,053700,40.7,-73.96
2,026500,40.866,-73.9
3,042200,40.607,-73.97
3,043800,40.61,-73.971
2,038200,40.877,-73.855
3,049400,40.643,-73.974
4,049200,40.723,-73.758
4,012200,40.697,-73.831
4,014400,40.699,-73.829
4,015000,40.693,-73.821
3,038500,40.687,-73.927
3,030100,40.678,-73.916
4,012000,40.692,-73.829
4,014800,40.695,-73.822
3,014900,40.662,-73.985
3,014700,40.66,-73.99
4,146700,40.761,-73.773
1,000100,40.696,-74.042
3,044800,40.618,-73.973
3,045000,40.622,-73.973
3,080200,40.658,-73.953
3,075800,40.616,-73.952
4,040500,40.75,-73.863
4,040700,40.75,-73.866
4,040900,40.75,-73.868
1,013100,40.762,-73.982
4,025700,40.75,-73.905
2,021002,40.838,-73.857
2,038800,40.88,-73.855
2,038600,40.88,-73.848
3,037300,40.684,-73.915
2,022901,40.846,-73.907
2,004600,40.822,-73.869
3,011200,40.642,-73.996
3,039400,40.598,-73.965
3,041600,40.602,-73.963
3,093400,40.649,-73.919
4,048200,40.715,-73.768
3,028502,40.697,-73.941
3,072000,40.629,-73.92
3,072200,40.632,-73.924
4,083800,40.67,-73.82
1,017402,40.797,-73.947
4,046400,40.717,-73.787
3,024300,40.687,-73.953
3,025100,40.688,-73.949
3,026500,40.687,-73.945
3,018100,40.688,-73.972
4,084601,40.667,-73.822
4,139900,40.75,-73.762
4,144100,40.756,-73.764
2,018400,40.837,-73.829
2,016400,40.832,-73.825
4,046000,40.708,-73.793
4,024000,40.703,-73.805
4,006900,40.772,-73.922
3,015000,40.615,-74.011
1,007000,40.743,-73.977
4,009500,40.774,-73.921
4,035200,40.679,-73.758
3,118201,40.688,-73.872
4,041400,40.7,-73.781
4,044000,40.703,-73.785
4,077908,40.726,-73.814
3,018300,40.691,-73.971
3,021100,40.697,-73.975
3,018700,40.695,-73.971
2,008400,40.816,-73.848
4,053100,40.723,-73.908
1,022400,40.811,-73.947
4,015801,40.689,-73.812
4,024600,40.701,-73.796
1,007200,40.745,-73.981
4,043900,40.742,-73.856
3,036900,40.68,-73.909
4,145101,40.755,-73.785
4,019800,40.692,-73.803
4,019600,40.689,-73.8
4,020200,40.69,-73.808
4,043701,40.739,-73.851
4,043702,40.738,-73.857
4,025800,40.696,-73.787
3,052300,40.712,-73.959
5,014607,40.557,-74.164
3,037401,40.588,-73.968
2,005400,40.83,-73.88
3,059000,40.59,-73.955
4,002400,40.697,-73.847
4,002600,40.697,-73.843
4,113300,40.764,-73.783
3,059800,40.588,-73.936
3,047800,40.633,-73.979
3,003500,40.685,-73.976
3,017900,40.684,-73.971
3,020500,40.677,-73.966
3,031702,40.671,-73.95
3,032100,40.667,-73.952
3,042400,40.607,-73.976
3,041200,40.604,-73.974
3,024400,40.622,-73.986
3,046800,40.621,-73.981
4,053900,40.711,-73.917
3,027500,40.684,-73.938
3,027700,40.687,-73.939
2,007400,40.819,-73.853
2,008600,40.82,-73.85
2,022101,40.838,-73.918
4,009800,40.685,-73.831
4,011000,40.687,-73.835
4,070700,40.715,-73.856
4,070900,40.719,-73.855
3,048900,40.703,-73.939
3,049300,40.708,-73.941
1,008200,40.751,-73.981
2,007800,40.829,-73.853
2,009200,40.832,-73.852
3,079801,40.66,-73.959
4,134700,40.738,-73.781
4,040400,40.705,-73.771
3,042300,40.699,-73.927
4,008300,40.773,-73.929
4,062600,40.682,-73.748
4,021400,40.706,-73.815
3,028000,40.602,-74.006
4,014201,40.701,-73.825
4,045200,40.715,-73.8
4,045400,40.713,-73.796
3,030700,40.676,-73.926
3,034700,40.673,-73.928
4,085700,40.757,-73.823
4,015100,40.76,-73.911
4,016300,40.756,-73.91
1,025500,40.845,-73.944
2,034300,40.91,-73.898
4,013500,40.771,-73.899
4,042700,40.744,-73.854
4,026000,40.693,-73.793
4,026200,40.691,-73.792
3,019100,40.695,-73.964
2,021501,40.849,-73.918
4,018300,40.745,-73.92
4,025301,40.745,-73.917
2,014400,40.821,-73.823
2,026601,40.847,-73.834
2,026602,40.846,-73.831
4,099900,40.792,-73.777
4,010000,40.681,-73.829
3,030600,40.591,-73.986
3,053500,40.706,-73.961
3,032800,40.576,-73.998
3,030300,40.675,-73.918
3,079602,40.653,-73.958
3,082000,40.653,-73.951
3,082200,40.653,-73.954
3,078200,40.638,-73.941
3,019300,40.691,-73.963
3,023300,40.689,-73.957
4,018101,40.745,-73.924
4,018102,40.744,-73.922
4,115500,40.768,-73.812
3,054600,40.613,-73.953
3,054800,40.609,-73.948
3,087600,40.661,-73.936
3,022400,40.641,-73.99
3,048800,40.64,-73.976
3,022600,40.642,-73.986
3,022800,40.639,-73.982
3,049600,40.644,-73.98
3,049800,40.645,-73.983
3,006400,40.629,-74.029
3,013800,40.624,-74.026
3,006200,40.625,-74.03
3,014800,40.617,-74.013
3,041000,40.601,-73.975
3,023400,40.634,-73.988
3,011600,40.636,-74.004
3,021600,40.633,-74.0
3,010000,40.642,-74.01
3,010600,40.639,-74.006
3,009200,40.645,-73.999
4,042400,40.695,-73.772
3,051002,40.649,-73.96
3,049000,40.638,-73.973
3,049200,40.641,-73.97
3,029500,40.685,-73.932
3,038300,40.685,-73.926
3,039200,40.596,-73.963
1,008400,40.752,-73.984
4,061000,40.69,-73.743
4,061200,40.688,-73.737
4,052100,40.721,-73.902
2,015900,40.822,-73.894
4,035800,40.676,-73.751
4,064600,40.673,-73.742
3,077000,40.636,-73.954
3,020300,40.68,-73.965
3,019900,40.684,-73.967
3,020100,40.684,-73.963
4,084602,40.665,-73.817
3,036100,40.67,-73.92
3,031100,40.676,-73.939
3,096200,40.645,-73.911
4,071305,40.724,-73.851
4,017800,40.677,-73.809
4,084000,40.674,-73.818
3,061003,40.581,-73.959
4,057700,40.7,-73.891
4,057900,40.703,-73.89
4,003000,40.692,-73.847
1,030900,40.876,-73.91
4,099801,40.598,-73.758
4,023600,40.707,-73.805
4,023800,40.705,-73.809
4,043200,40.691,-73.776
2,035900,40.84,-73.883
2,036100,40.842,-73.88
4,010800,40.689,-73.831
4,027800,40.686,-73.783
4,018200,40.676,-73.799
4,018600,40.68,-73.799
4,052200,40.7,-73.757
4,051600,40.703,-73.747
4,053401,40.7,-73.744
4,048400,40.716,-73.76
4,050000,40.712,-73.764
2,024800,40.855,-73.858
4,047800,40.72,-73.766
4,029500,40.756,-73.907
5,001100,40.639,-74.083
4,065000,40.669,-73.745
2,026100,40.867,-73.906
2,026300,40.865,-73.904
2,031600,40.862,-73.849
2,032400,40.861,-73.86
2,032600,40.862,-73.855
3,030200,40.596,-73.991
3,018200,40.612,-74.003
3,040200,40.596,-73.983
5,010500,40.634,-74.112
2,020502,40.851,-73.919
2,040702,40.869,-73.887
2,031800,40.862,-73.852
2,045800,40.886,-73.845
2,046000,40.882,-73.843
5,002900,40.62,-74.083
4,010100,40.778,-73.916
4,009700,40.776,-73.919
5,013301,40.636,-74.119
2,033800,40.868,-73.866
3,116800,40.679,-73.883
3,042500,40.701,-73.931
3,038900,40.699,-73.937
3,039100,40.7,-73.934
3,087200,40.654,-73.937
3,087401,40.66,-73.938
3,003300,40.689,-73.978
3,072400,40.634,-73.927
3,094402,40.635,-73.921
3,110400,40.657,-73.889
3,112200,40.664,-73.886
4,005200,40.681,-73.855
3,112000,40.667,-73.881
3,095600,40.636,-73.911
3,098800,40.643,-73.897
3,099000,40.639,-73.899
1,022000,40.806,-73.951
3,101200,40.64,-73.894
3,081600,40.654,-73.944
1,003100,40.715,-74.004
1,018000,40.794,-73.94
3,049100,40.704,-73.944
3,050900,40.703,-73.951
2,024502,40.855,-73.914
3,088400,40.662,-73.925
3,089400,40.662,-73.916
1,008900,40.745,-74.003
1,009300,40.747,-74.001
1,011100,40.755,-73.995
3,037100,40.68,-73.914
3,037900,40.68,-73.919
3,033500,40.668,-73.942
3,035300,40.669,-73.935
3,029900,40.678,-73.926
4,003400,40.685,-73.858
3,088200,40.66,-73.926
2,033600,40.868,-73.869
2,034800,40.869,-73.853
2,036400,40.874,-73.849
1,007500,40.734,-74.009
3,101800,40.642,-73.886
4,023500,40.739,-73.918
4,056700,40.697,-73.892
3,040500,40.682,-73.905
5,027704,40.585,-74.152
5,019700,40.617,-74.135
3,085800,40.65,-73.939
3,085200,40.647,-73.938
3,086000,40.65,-73.933
4,062900,40.701,-73.883
3,040700,40.684,-73.901
3,043700,40.693,-73.908
4,055500,40.697,-73.903
2,019900,40.837,-73.925
2,013000,40.819,-73.815
2,023704,40.856,-73.902
2,042100,40.881,-73.883
4,086900,40.765,-73.834
3,080800,40.657,-73.939
5,012100,40.626,-74.11
4,001200,40.694,-73.861
3,093600,40.649,-73.922
3,093800,40.65,-73.925
1,008300,40.742,-74.004
4,147900,40.77,-73.742
4,150702,40.766,-73.731
2,001600,40.819,-73.858
2,004200,40.824,-73.862
4,061900,40.71,-73.877
1,009400,40.755,-73.978
1,009600,40.756,-73.981
1,011201,40.764,-73.975
1,011202,40.763,-73.972
1,010900,40.752,-73.99
2,006400,40.833,-73.872
4,064500,40.709,-73.852
4,010300,40.781,-73.915
2,005001,40.825,-73.878
2,005002,40.827,-73.878
4,136700,40.744,-73.76
3,120000,40.675,-73.867
2,020900,40.843,-73.915
2,022500,40.84,-73.911
2,007200,40.831,-73.861
2,007600,40.833,-73.868
3,055300,40.716,-73.959
4,056500,40.694,-73.897
4,046500,40.747,-73.87
2,023100,40.846,-73.902
2,037900,40.852,-73.899
4,000600,40.686,-73.864
4,000800,40.687,-73.858
3,118400,40.684,-73.869
3,051900,40.716,-73.955
3,035000,40.578,-73.979
3,036200,40.578,-73.964
1,018600,40.799,-73.95
3,070000,40.62,-73.907
1,012200,40.768,-73.968
2,038100,40.852,-73.901
4,038301,40.761,-73.841
4,120100,40.753,-73.814
1,015002,40.782,-73.958
1,016001,40.786,-73.955
1,016900,40.785,-73.973
1,017401,40.795,-73.949
1,017000,40.791,-73.942
1,017200,40.794,-73.945
1,016500,40.782,-73.975
3,029000,40.603,-73.994
3,029600,40.601,-73.993
3,012100,40.671,-73.991
2,019300,40.836,-73.929
3,078600,40.634,-73.947
3,095000,40.636,-73.917
4,126500,40.72,-73.804
5,027705,40.588,-74.157
1,015601,40.784,-73.948
1,023100,40.826,-73.944
4,017900,40.745,-73.93
3,003800,40.634,-74.036
5,014608,40.558,-74.157
4,066300,40.721,-73.877
4,061800,40.677,-73.736
4,063200,40.677,-73.741
2,031900,40.913,-73.907
4,010500,40.783,-73.913
4,155101,40.757,-73.714
3,091800,40.662,-73.905
3,092000,40.659,-73.903
4,075702,40.724,-73.84
2,024501,40.853,-73.915
3,031900,40.667,-73.949
3,033300,40.666,-73.943
4,036700,40.763,-73.868
4,036500,40.76,-73.866
1,013300,40.765,-73.988
1,012700,40.762,-73.99
1,007600,40.748,-73.987
1,010100,40.75,-73.992
5,018701,40.611,-74.127
5,029104,40.614,-74.164
1,022800,40.816,-73.943
1,003601,40.722,-73.991
1,004300,40.723,-73.995
1,016100,40.78,-73.977
5,017600,40.53,-74.176
1,002500,40.71,-73.999
2,030900,40.897,-73.914
2,032300,40.905,-73.908
2,013200,40.816,-73.821
5,018901,40.612,-74.14
5,025100,40.618,-74.146
5,017300,40.605,-74.118
5,016901,40.612,-74.109
1,006300,40.734,-73.997
1,015400,40.781,-73.949
4,004002,40.682,-73.843
3,036001,40.576,-73.966
3,016700,40.664,-73.979
3,115800,40.669,-73.892
3,123700,40.697,-73.957
4,004200,40.682,-73.858
3,074200,40.627,-73.945
3,022900,40.685,-73.957
2,028900,40.88,-73.907
4,152902,40.759,-73.724
1,004500,40.721,-73.999
3,018501,40.695,-73.974
1,021303,40.815,-73.953
5,024401,40.51,-74.238
4,037100,40.764,-73.864
3,005000,40.624,-74.038
1,028100,40.857,-73.935
1,006800,40.74,-73.984
1,017700,40.79,-73.969
1,002601,40.723,-73.98
1,018700,40.798,-73.972
1,022200,40.808,-73.949
1,003602,40.725,-73.99
3,005201,40.622,-74.038
3,005202,40.619,-74.039
2,026400,40.842,-73.832
4,145900,40.754,-73.792
1,002602,40.724,-73.979
1,003200,40.726,-73.984
1,003300,40.719,-74.006
1,019400,40.8,-73.935
1,021600,40.801,-73.954
1,021800,40.803,-73.953
2,008300,40.814,-73.902
2,038301,40.857,-73.899
2,024100,40.853,-73.906
1,008700,40.742,-73.997
1,005200,40.737,-73.99
1,005400,40.739,-73.994
1,020701,40.809,-73.958
1,017100,40.788,-73.979
1,025100,40.84,-73.94
2,018102,40.832,-73.918
2,018101,40.832,-73.916
1,027100,40.852,-73.934
1,029500,40.868,-73.925
2,002500,40.807,-73.921
2,003900,40.81,-73.921
1,004000,40.731,-73.986
1,006900,40.73,-74.01
2,023900,40.859,-73.903
2,002701,40.805,-73.916
2,002702,40.806,-73.914
2,017701,40.833,-73.911
1,008100,40.74,-73.999
1,017500,40.79,-73.978
1,017300,40.788,-73.971
2,041900,40.877,-73.882
2,041500,40.87,-73.884
2,039902,40.86,-73.895
2,022701,40.847,-73.911
2,023301,40.85,-73.909
2,017901,40.835,-73.915
2,019700,40.835,-73.92
1,019500,40.803,-73.968
1,019900,40.806,-73.967
4,072300,40.716,-73.848
4,073700,40.718,-73.843
2,022902,40.844,-73.907
3,061004,40.58,-73.956
3,061200,40.581,-73.95
3,117800,40.682,-73.874
5,004000,40.614,-74.081
4,065400,40.662,-73.74
3,088600,40.657,-73.921
3,088800,40.654,-73.918
3,054900,40.711,-73.966
1,009700,40.75,-73.999
1,010300,40.752,-73.997
5,006400,40.597,-74.079
4,036600,40.686,-73.763
1,008000,40.749,-73.978
4,138501,40.755,-73.755
1,003700,40.726,-74.007
3,007600,40.644,-74.015
3,034000,40.572,-73.996
3,005400,40.617,-74.036
3,103400,40.635,-73.883
5,015601,40.542,-74.155
4,039800,40.695,-73.765
4,052800,40.694,-73.759
4,079000,40.672,-73.797
4,078800,40.67,-73.79
3,002000,40.648,-74.016
4,137700,40.747,-73.75
3,007200,40.64,-74.02
3,016000,40.619,-74.027
2,025500,40.861,-73.909
3,102800,40.628,-73.893
2,024900,40.857,-73.913
1,005800,40.743,-73.991
4,004300,40.761,-73.938
4,008500,40.76,-73.941
4,077903,40.719,-73.822
4,053800,40.706,-73.743
4,058200,40.707,-73.738
4,118900,40.757,-73.813
4,056600,40.72,-73.738
1,006500,40.73,-74.0
1,006700,40.73,-74.004
1,007300,40.734,-74.004
4,038100,40.756,-73.858
4,039900,40.752,-73.854
4,040100,40.751,-73.857
3,036501,40.675,-73.912
1,003400,40.729,-73.981
2,016300,40.839,-73.895
1,002800,40.727,-73.977
3,036400,40.58,-73.964
4,071304,40.729,-73.854
2,017100,40.84,-73.907
2,017702,40.836,-73.91
2,012701,40.826,-73.892
2,011900,40.823,-73.89
2,012102,40.826,-73.888
4,003800,40.685,-73.847
4,004001,40.683,-73.846
4,001400,40.695,-73.855
4,002200,40.696,-73.851
4,064101,40.699,-73.852
3,044700,40.707,-73.923
3,045300,40.707,-73.929
3,042700,40.704,-73.927
4,100802,40.603,-73.763
2,038700,40.858,-73.889
1,026500,40.85,-73.94
4,028700,40.751,-73.889
4,030903,40.758,-73.89
2,006500,40.817,-73.922
3,013200,40.628,-74.016
3,013600,40.627,-74.023
5,027706,40.591,-74.162
5,002002,40.601,-74.07
4,033402,40.675,-73.772
4,065600,40.66,-73.73
4,066400,40.651,-73.745
4,036800,40.685,-73.766
4,042600,40.689,-73.77
4,027600,40.688,-73.786
4,068200,40.668,-73.75
3,016600,40.619,-74.016
4,000200,40.693,-73.866
3,118000,40.689,-73.878
2,037400,40.875,-73.867
2,038000,40.878,-73.862
3,029700,40.681,-73.932
3,038100,40.681,-73.925
3,016200,40.613,-74.031
4,014202,40.699,-73.82
4,021200,40.701,-73.812
2,051600,40.849,-73.782
4,018700,40.737,-73.925
4,018900,40.74,-73.928
3,119200,40.677,-73.878
3,069601,40.627,-73.915
3,032600,40.577,-73.988
4,055700,40.699,-73.898
4,048100,40.742,-73.885
5,009602,40.591,-74.095
4,079200,40.669,-73.797
4,011100,40.779,-73.907
4,050600,40.706,-73.76
5,027702,40.58,-74.164
3,031500,40.677,-73.95
3,031300,40.677,-73.944
4,020600,40.694,-73.809
4,020800,40.698,-73.807
4,080301,40.745,-73.831
1,010000,40.758,-73.971
1,010800,40.759,-73.965
1,024301,40.836,-73.939
2,037300,40.849,-73.89
1,021500,40.814,-73.949
1,021703,40.818,-73.95
3,121400,40.667,-73.865
2,021302,40.843,-73.92
2,021900,40.84,-73.92
3,110600,40.657,-73.884
1,018100,40.793,-73.968
3,050100,40.716,-73.949
3,051500,40.719,-73.951
2,012901,40.823,-73.899
2,013100,40.826,-73.898
1,004800,40.734,-73.984
1,015700,40.777,-73.979
2,007900,40.816,-73.905
4,109700,40.77,-73.777
4,108500,40.772,-73.789
4,109900,40.768,-73.786
3,036300,40.672,-73.917
3,090600,40.67,-73.909
4,105900,40.774,-73.807
4,115100,40.769,-73.808
3,037500,40.688,-73.922
3,037700,40.684,-73.92
3,039700,40.689,-73.919
3,040100,40.686,-73.913
3,040900,40.691,-73.905
4,055900,40.694,-73.902
4,117100,40.763,-73.806
4,121100,40.745,-73.805
4,122701,40.733,-73.807
4,080900,40.734,-73.822
4,122702,40.733,-73.813
2,015300,40.833,-73.894
4,124100,40.727,-73.802
4,140901,40.746,-73.775
4,140902,40.745,-73.782
4,141700,40.745,-73.792
4,142900,40.751,-73.785
2,023600,40.845,-73.867
4,037600,40.688,-73.754
4,038400,40.693,-73.748
2,025000,40.852,-73.856
2,025200,40.847,-73.855
2,025100,40.857,-73.908
2,025300,40.861,-73.905
2,028500,40.886,-73.903
3,048200,40.633,-73.97
4,143500,40.753,-73.77
4,144700,40.757,-73.772
3,053100,40.701,-73.954
3,053300,40.704,-73.957
4,051000,40.71,-73.754
4,053200,40.7,-73.749
3,055600,40.603,-73.959
2,037000,40.873,-73.859
2,037200,40.874,-73.863
4,157903,40.734,-73.708
3,064200,40.612,-73.946
3,064400,40.614,-73.942
4,061601,40.682,-73.732
5,001700,40.634,-74.081
4,059000,40.701,-73.737
4,033900,40.759,-73.88
4,055400,40.728,-73.74
4,130100,40.733,-73.74
4,056200,40.725,-73.733
4,020400,40.695,-73.803
4,025400,40.697,-73.794
4,066701,40.722,-73.891
4,027000,40.689,-73.791
4,028200,40.685,-73.774
4,033401,40.679,-73.767
4,019000,40.685,-73.795
4,027200,40.684,-73.791
4,018402,40.679,-73.794
3,083000,40.641,-73.946
4,041100,40.744,-73.865
4,046100,40.742,-73.871
3,082800,40.641,-73.95
3,078800,40.637,-73.949
3,079000,40.641,-73.954
2,044400,40.899,-73.844
4,016400,40.685,-73.817
4,026400,40.692,-73.786
4,026600,40.692,-73.782
1,001001,40.714,-73.978
2,000100,40.791,-73.883
3,086600,40.656,-73.927
3,088000,40.662,-73.931
3,095800,40.641,-73.912
4,050201,40.709,-73.765
4,050400,40.705,-73.764
3,107800,40.659,-73.876
4,013200,40.701,-73.834
3,116600,40.675,-73.882
4,023000,40.713,-73.808
4,023200,40.71,-73.811
3,115000,40.674,-73.887
3,116200,40.67,-73.885
4,044601,40.705,-73.798
3,004500,40.688,-73.995
3,004900,40.688,-73.998
3,118800,40.679,-73.866
3,120200,40.676,-73.864
4,113900,40.764,-73.791
4,118100,40.759,-73.787
4,146300,40.759,-73.781
3,000200,40.653,-74.011
3,008000,40.649,-74.01
3,008200,40.651,-74.008
4,044400,40.706,-73.782
4,046800,40.71,-73.782
4,071701,40.731,-73.86
4,047000,40.711,-73.777
4,048000,40.713,-73.773
3,013100,40.678,-73.98
3,013300,40.675,-73.981
4,005000,40.678,-73.855
3,013000,40.633,-74.021
3,013400,40.63,-74.02
4,044302,40.74,-73.864
4,087100,40.759,-73.834
4,085900,40.755,-73.821
4,079702,40.751,-73.829
4,006501,40.768,-73.918
4,007100,40.769,-73.923
4,006300,40.764,-73.92
4,007500,40.765,-73.927
4,077907,40.725,-73.818
4,007300,40.767,-73.925
4,007700,40.767,-73.932
4,007900,40.769,-73.93
3,016500,40.67,-73.974
3,015700,40.673,-73.976
4,125700,40.724,-73.808
4,009600,40.681,-73.832
4,086400,40.673,-73.832
4,083700,40.745,-73.82
4,121500,40.74,-73.806
5,015100,40.62,-74.128
4,035300,40.76,-73.874
4,036100,40.761,-73.872
4,036300,40.76,-73.869
3,018000,40.608,-74.007
4,011500,40.774,-73.913
4,028100,40.752,-73.883
4,033700,40.759,-73.883
3,018400,40.614,-74.007
3,018600,40.616,-74.005
4,011600,40.689,-73.839
4,011800,40.691,-73.834
3,042100,40.697,-73.924
3,043100,40.7,-73.92
4,016100,40.755,-73.915
4,051300,40.732,-73.898
4,018501,40.739,-73.922
4,018502,40.741,-73.922
3,020800,40.626,-74.01
3,021000,40.628,-74.008
3,021900,40.672,-73.955
3,052600,40.636,-73.967
4,026700,40.745,-73.888
3,023000,40.638,-73.984
3,023200,40.636,-73.986
3,026200,40.619,-73.997
3,028100,40.693,-73.94
3,026100,40.692,-73.946
3,026800,40.61,-73.99
3,026400,40.615,-73.997
3,027400,40.611,-73.995
3,028300,40.695,-73.94
3,028700,40.696,-73.935
1,015300,40.775,-73.981
1,015801,40.784,-73.952
3,033100,40.664,-73.942
3,035500,40.664,-73.933
2,009600,40.834,-73.844
2,020200,40.838,-73.848
1,015802,40.787,-73.95
1,016002,40.788,-73.954
2,037100,40.847,-73.887
1,004100,40.719,-73.997
3,048100,40.714,-73.939
3,048500,40.708,-73.936
1,019300,40.801,-73.962
1,019702,40.802,-73.958
1,006400,40.737,-73.981
4,118500,40.759,-73.804
4,119100,40.757,-73.807
1,009100,40.745,-73.995
1,009500,40.747,-73.993
4,119900,40.753,-73.81
4,120700,40.751,-73.801
3,017200,40.609,-74.01
3,022100,40.676,-73.954
3,030500,40.677,-73.959
1,020500,40.81,-73.965
3,048000,40.63,-73.974
1,023400,40.824,-73.939
4,047200,40.718,-73.779
4,020500,40.73,-73.922
2,044200,40.904,-73.846
1,012100,40.76,-73.992
1,026700,40.85,-73.929
1,013600,40.773,-73.949
4,129104,40.738,-73.75
4,148300,40.774,-73.749
4,099703,40.783,-73.775
4,100801,40.61,-73.767
3,015400,40.611,-74.019
4,099704,40.782,-73.781
3,024100,40.692,-73.954
3,028501,40.699,-73.942
3,050700,40.701,-73.947
5,002100,40.63,-74.077
5,002700,40.624,-74.076
5,000600,40.615,-74.065
3,017800,40.607,-74.005
3,027600,40.611,-73.999
4,101002,40.6,-73.742
4,150701,40.762,-73.74
2,002300,40.809,-73.926
1,000201,40.712,-73.986
1,000600,40.712,-73.989
1,001401,40.715,-73.987
3,027100,40.679,-73.937
4,071600,40.647,-73.787
1,007800,40.746,-73.975
1,017800,40.795,-73.934
2,028800,40.854,-73.851
5,017700,40.602,-74.104
4,088901,40.772,-73.828
3,069800,40.613,-73.916
4,074700,40.733,-73.845
4,109300,40.775,-73.774
4,111300,40.767,-73.763
5,009700,40.642,-74.109
4,155102,40.751,-73.715
4,157902,40.742,-73.712
1,001402,40.718,-73.986
1,001800,40.719,-73.991
5,018702,40.604,-74.126
3,041402,40.602,-73.968
3,041800,40.605,-73.965
3,021700,40.673,-73.959
3,021500,40.673,-73.963
3,035700,40.668,-73.927
3,035900,40.67,-73.924
3,092200,40.655,-73.906
3,109800,40.653,-73.902
3,084600,40.642,-73.927
3,093200,40.638,-73.93
3,028200,40.601,-74.004
3,017600,40.603,-74.009
3,016800,40.604,-74.016
3,017400,40.604,-74.012
3,005601,40.615,-74.036
3,005602,40.613,-74.036
3,004400,40.631,-74.036
3,004600,40.627,-74.036
3,075600,40.617,-73.948
2,034000,40.868,-73.863
2,034200,40.868,-73.86
3,037402,40.587,-73.972
4,018000,40.676,-73.805
4,081400,40.671,-73.804
4,081800,40.671,-73.809
4,092900,40.787,-73.851
3,052500,40.709,-73.96
3,051300,40.712,-73.952
3,052700,40.708,-73.954
3,073000,40.626,-73.93
1,024700,40.838,-73.946
1,003900,40.721,-74.011
2,021301,40.846,-73.92
2,021502,40.848,-73.917
2,044902,40.899,-73.869
2,045102,40.9,-73.864
3,001100,40.693,-73.988
3,000900,40.692,-73.992
3,003700,40.689,-73.985
1,011800,40.765,-73.961
1,012600,40.768,-73.959
5,008100,40.643,-74.093
5,017012,40.553,-74.174
3,073200,40.628,-73.934
3,073600,40.624,-73.936
5,007400,40.594,-74.065
5,012806,40.559,-74.11
3,111600,40.664,-73.876
4,009900,40.779,-73.923
1,016200,40.788,-73.94
4,093401,40.578,-73.847
3,070203,40.61,-73.86
4,097203,40.601,-73.78
3,070201,40.609,-73.909
3,121000,40.67,-73.872
3,028600,40.6,-74.002
1,022500,40.824,-73.954
1,022301,40.821,-73.955
2,033202,40.863,-73.869
4,013400,40.705,-73.835
2,050400,40.872,-73.804
3,015900,40.675,-73.973
3,020700,40.675,-73.967
3,089200,40.663,-73.922
3,090000,40.666,-73.92
3,014000,40.621,-74.02
3,014200,40.623,-74.022
3,020600,40.625,-74.015
4,018401,40.675,-73.792
4,077904,40.721,-73.814
2,029500,40.885,-73.909
5,006700,40.635,-74.101
3,036002,40.576,-73.961
3,061002,40.576,-73.956
3,058800,40.59,-73.959
3,058200,40.599,-73.959
3,058400,40.594,-73.959
3,040600,40.601,-73.982
3,035602,40.578,-73.97
3,035601,40.581,-73.97
3,035200,40.573,-73.981
3,033600,40.577,-74.007
5,020100,40.624,-74.134
2,044901,40.897,-73.873
4,049301,40.732,-73.894
4,049700,40.732,-73.89
3,032300,40.667,-73.955
4,019900,40.735,-73.934
4,000400,40.69,-73.865
3,118202,40.689,-73.869
1,011203,40.761,-73.969
1,011402,40.763,-73.967
2,020400,40.841,-73.851
4,124700,40.728,-73.796
4,126700,40.72,-73.798
4,097204,40.594,-73.781
1,023502,40.828,-73.939
1,009200,40.754,-73.975
1,022102,40.819,-73.946
2,031000,40.861,-73.836
4,056100,40.693,-73.885
3,114202,40.682,-73.891
3,004700,40.688,-74.002
1,014801,40.779,-73.956
3,006700,40.684,-73.997
1,003800,40.727,-73.988
1,005502,40.726,-73.994
3,025300,40.693,-73.95
3,025500,40.697,-73.951
4,049900,40.731,-73.883
1,004400,40.731,-73.977
3,055700,40.722,-73.959
1,014900,40.772,-73.982
2,013300,40.823,-73.903
2,013500,40.827,-73.902
4,080302,40.74,-73.826
3,010800,40.641,-74.004
3,011400,40.639,-73.999
4,084900,40.755,-73.833
2,035600,40.867,-73.836
2,036000,40.867,-73.843
5,024402,40.503,-74.238
4,099802,40.593,-73.758
4,094203,40.586,-73.809
4,093402,40.579,-73.84
4,092800,40.575,-73.853
4,092200,40.573,-73.861
2,045600,40.889,-73.821
5,004700,40.614,-74.095
2,039000,40.881,-73.861
2,039200,40.883,-73.865
4,091800,40.568,-73.873
4,091602,40.562,-73.891
4,091601,40.556,-73.92
3,000100,40.7,-73.994
4,093800,40.582,-73.83
4,008100,40.77,-73.934
4,094201,40.585,-73.82
2,028100,40.884,-73.891
5,030301,40.619,-74.156
5,030302,40.624,-74.159
4,032800,40.672,-73.756
4,033000,40.67,-73.764
3,008500,40.676,-74.006
2,016000,40.831,-73.818
4,025100,40.745,-73.91
4,025500,40.75,-73.908
4,016900,40.748,-73.914
2,028600,40.849,-73.848
2,014900,40.833,-73.901
2,015100,40.831,-73.898
2,036300,40.845,-73.883
2,036501,40.845,-73.886
2,040900,40.877,-73.893
2,027700,40.878,-73.901
2,027900,40.883,-73.897
3,001500,40.694,-73.983
5,003300,40.626,-74.087
5,003900,40.621,-74.093
3,091200,40.665,-73.908
1,002201,40.719,-73.982
3,032500,40.667,-73.958
1,016600,40.789,-73.948
1,020901,40.812,-73.955
1,021100,40.814,-73.961
2,008500,40.816,-73.899
2,008700,40.82,-73.897
1,015602,40.785,-73.946
1,016400,40.788,-73.944
4,075701,40.718,-73.835
2,000200,40.811,-73.859
2,011700,40.811,-73.877
5,990100,40.576,-74.053
2,029600,40.855,-73.845
4,079701,40.753,-73.825
4,084500,40.75,-73.82
3,047700,40.718,-73.942
3,049700,40.716,-73.945
4,077905,40.717,-73.813
5,013302,40.636,-74.123
4,022002,40.713,-73.814
1,007100,40.735,-74.0
1,007700,40.738,-74.003
2,030701,40.893,-73.911
4,094500,40.788,-73.831
4,103900,40.784,-73.819
3,076400,40.632,-73.959
3,046201,40.628,-73.974
2,046202,40.879,-73.834
2,048400,40.886,-73.835
2,018900,40.832,-73.93
4,061602,40.678,-73.729
3,072600,40.632,-73.934
3,077600,40.631,-73.941
3,078000,40.634,-73.939
4,001800,40.69,-73.852
4,002000,40.691,-73.85
3,046000,40.632,-73.966
5,011402,40.581,-74.105
3,045600,40.626,-73.967
3,053000,40.627,-73.964
4,049500,40.725,-73.89
4,051700,40.725,-73.9
4,049302,40.728,-73.892
4,051100,40.727,-73.9
3,057500,40.732,-73.953
1,019200,40.799,-73.931
3,060600,40.586,-73.956
3,060800,40.584,-73.95
1,022900,40.826,-73.952
3,002300,40.7,-73.983
3,008800,40.65,-74.001
3,113200,40.661,-73.899
3,090800,40.671,-73.905
3,091000,40.666,-73.903
4,022001,40.714,-73.821
3,004100,40.687,-73.985
3,004300,40.688,-73.99
3,006900,40.685,-73.992
3,003900,40.685,-73.981
3,012700,40.682,-73.983
3,012901,40.682,-73.979
3,000301,40.696,-73.997
3,000700,40.692,-73.997
2,021700,40.848,-73.913
2,024300,40.852,-73.912
5,029102,40.609,-74.19
2,018302,40.828,-73.919
1,019600,40.803,-73.939
1,024200,40.805,-73.934
4,101001,40.598,-73.749
5,001800,40.602,-74.059
5,000300,40.641,-74.075
5,000700,40.646,-74.082
4,069702,40.722,-73.863
4,070300,40.716,-73.859
5,012805,40.555,-74.118
2,037504,40.85,-73.893
2,039100,40.853,-73.887
2,000400,40.811,-73.852
4,093900,40.792,-73.843
3,073800,40.622,-73.939
3,074400,40.622,-73.943
3,074600,40.619,-73.943
2,042600,40.891,-73.842
1,001502,40.707,-74.005
5,017010,40.551,-74.196
1,000500,40.689,-74.017
1,031900,40.703,-74.016
1,024100,40.834,-73.946
4,008700,40.774,-73.935
4,094202,40.59,-73.809
4,147100,40.761,-73.763
4,005900,40.76,-73.924
4,006100,40.762,-73.922
4,058100,40.704,-73.894
4,058300,40.702,-73.898
5,015602,40.536,-74.162
5,017011,40.546,-74.17
1,023501,40.829,-73.942
3,080600,40.662,-73.944
3,081000,40.659,-73.945
3,085600,40.649,-73.945
4,047900,40.735,-73.884
4,062400,40.686,-73.742
4,062000,40.681,-73.738
4,063000,40.68,-73.744
1,021900,40.817,-73.957
1,022302,40.82,-73.957
4,133300,40.732,-73.779
1,012400,40.767,-73.954
2,021200,40.836,-73.859
2,022200,40.836,-73.855
4,025302,40.744,-73.913
3,002901,40.695,-73.978
3,003100,40.692,-73.978
4,065501,40.715,-73.867
3,053900,40.703,-73.963
1,027900,40.856,-73.932
1,028300,40.859,-73.929
1,028500,40.862,-73.928
3,012600,40.635,-74.019
1,014401,40.775,-73.948
3,000502,40.695,-73.993
1,001600,40.716,-73.993
2,008900,40.819,-73.894
4,079300,40.736,-73.831
5,018902,40.605,-74.138
1,029900,40.865,-73.917
1,001200,40.716,-73.982
4,029100,40.751,-73.895
4,029300,40.752,-73.899
3,008400,40.654,-74.005
3,017500,40.652,-73.99
5,032300,40.634,-74.179
4,112300,40.766,-73.771
4,112900,40.765,-73.777
2,042901,40.875,-73.874
2,043100,40.882,-73.877
5,002001,40.607,-74.071
3,025400,40.617,-73.984
4,026300,40.746,-73.897
4,013600,40.707,-73.829
4,005400,40.679,-73.849
4,008600,40.677,-73.841
4,050700,40.727,-73.882
4,066900,40.724,-73.886
4,030600,40.665,-73.78
4,048500,40.74,-73.885
4,012500,40.771,-73.916
5,017005,40.539,-74.181
5,020804,40.536,-74.2
3,052000,40.637,-73.964
2,038900,40.856,-73.885
5,031901,40.63,-74.163
5,031902,40.638,-74.166
3,039800,40.595,-73.976
2,029301,40.882,-73.921
2,029302,40.879,-73.916
5,023100,40.63,-74.156
5,023900,40.63,-74.149
1,001501,40.709,-74.004
4,013000,40.7,-73.838
3,059300,40.726,-73.938
3,050801,40.651,-73.961
5,020700,40.638,-74.135
5,022300,40.637,-74.153
4,073100,40.711,-73.846
4,074900,40.713,-73.84
2,042500,40.871,-73.879
4,026500,40.745,-73.893
3,012902,40.681,-73.976
2,002800,40.822,-73.878
2,005200,40.826,-73.882
4,066100,40.718,-73.882
4,065900,40.716,-73.882
4,066501,40.719,-73.887
2,020000,40.843,-73.846
2,025600,40.844,-73.85
4,102900,40.784,-73.807
4,097300,40.794,-73.821
4,098100,40.795,-73.816
4,060100,40.715,-73.902
4,063302,40.705,-73.871
4,063500,40.705,-73.867
4,062100,40.71,-73.873
4,063700,40.708,-73.862
3,062200,40.585,-73.935
3,021300,40.668,-73.96
4,077500,40.709,-73.832
5,005000,40.604,-74.086
5,009601,40.597,-74.089
2,039700,40.862,-73.885
2,039300,40.853,-73.883
3,031400,40.586,-73.992
2,029700,40.885,-73.912
4,063900,40.704,-73.857
4,064102,40.702,-73.853
3,024800,40.621,-73.99
3,042600,40.606,-73.98
3,012000,40.633,-74.012
3,012200,40.638,-74.018
4,046300,40.744,-73.871
4,047100,40.741,-73.877
3,011800,40.635,-74.011
3,021400,40.632,-74.003
2,035000,40.869,-73.848
2,035800,40.874,-73.843
4,077300,40.711,-73.835
4,024900,40.743,-73.904
4,026100,40.747,-73.901
3,016100,40.68,-73.973
3,016300,40.679,-73.97
1,021000,40.813,-73.936
1,021200,40.814,-73.939
1,015500,40.777,-73.987
3,007000,40.638,-74.024
4,012301,40.776,-73.899
2,037800,40.88,-73.867
4,085300,40.757,-73.828
2,026900,40.868,-73.909
2,028300,40.881,-73.903
3,056100,40.727,-73.956
4,161700,40.729,-73.718
4,035700,40.768,-73.871
3,029200,40.598,-74.0
2,023501,40.852,-73.905
2,023502,40.851,-73.904
4,099701,40.781,-73.79
4,101700,40.78,-73.798
2,023702,40.861,-73.897
2,039901,40.864,-73.894
2,023703,40.86,-73.9
2,040100,40.865,-73.898
3,030800,40.587,-73.98
3,038200,40.592,-73.981
3,038600,40.592,-73.975
3,002200,40.643,-74.022
3,003000,40.639,-74.029
2,016900,40.838,-73.903
4,085500,40.76,-73.824
4,086300,40.761,-73.82
1,030700,40.871,-73.917
2,014702,40.837,-73.904
4,028800,40.679,-73.786
4,029400,40.671,-73.781
2,014300,40.828,-73.912
4,004401,40.677,-73.859
4,005800,40.674,-73.849
1,020101,40.806,-73.96
1,020300,40.809,-73.962
4,116300,40.764,-73.819
4,116700,40.762,-73.812
4,090700,40.774,-73.838
4,091900,40.777,-73.846
4,029700,40.759,-73.903
3,003400,40.639,-74.034
3,019200,40.628,-73.999
3,025000,40.624,-73.996
3,042000,40.609,-73.964
3,055400,40.608,-73.96
1,018500,40.794,-73.966
4,022900,40.734,-73.911
4,051500,40.731,-73.901
1,018900,40.797,-73.964
1,019100,40.801,-73.97
3,059100,40.724,-73.943
3,048400,40.634,-73.974
3,048600,40.639,-73.978
3,075000,40.627,-73.949
3,075400,40.621,-73.951
4,098700,40.792,-73.809
1,013700,40.765,-73.98
1,013900,40.767,-73.986
1,014500,40.77,-73.984
1,027700,40.855,-73.927
4,010600,40.686,-73.825
4,016600,40.681,-73.821
3,050804,40.653,-73.964
1,001002,40.717,-73.977
3,055100,40.714,-73.964
2,003300,40.808,-73.912
4,056000,40.725,-73.737
4,162100,40.728,-73.73
4,097202,40.591,-73.78
4,099200,40.595,-73.767
4,045800,40.715,-73.791
4,046200,40.71,-73.788
4,046600,40.714,-73.785
1,022700,40.823,-73.946
1,025900,40.823,-73.942
3,040000,40.598,-73.976
3,040800,40.601,-73.979
1,006000,40.735,-73.977
3,029400,40.595,-73.998
3,030400,40.592,-73.994
4,010701,40.784,-73.904
3,054700,40.709,-73.967
5,013400,40.57,-74.117
3,094401,40.639,-73.923
3,094600,40.645,-73.923
3,056500,40.73,-73.958
4,015500,40.76,-73.918
4,015900,40.756,-73.918
3,044900,40.718,-73.931
1,002000,40.72,-73.976
2,009000,40.822,-73.842
2,009800,40.825,-73.85
4,107201,40.603,-73.822
4,107202,40.617,-73.814
2,020100,40.842,-73.927
2,020501,40.847,-73.924
3,120800,40.671,-73.865
3,122000,40.664,-73.863
3,033000,40.579,-73.999
3,034800,40.581,-73.983
1,007900,40.739,-74.008
1,009900,40.752,-74.005
5,012200,40.576,-74.111
5,011401,40.586,-74.099
5,018100,40.589,-74.121
1,014601,40.777,-73.952
1,014602,40.779,-73.951
1,014802,40.781,-73.954
1,026100,40.846,-73.934
1,025300,40.843,-73.938
1,026300,40.847,-73.937
1,019800,40.804,-73.942
1,019000,40.802,-73.948
1,020000,40.806,-73.945
1,027300,40.854,-73.937
1,027500,40.855,-73.94
1,000700,40.705,-74.008
1,000900,40.702,-74.01
1,003001,40.721,-73.987
1,005900,40.731,-73.995
1,006100,40.734,-73.992
1,005000,40.736,-73.987
1,008603,40.754,-73.964
1,010601,40.757,-73.962
1,012800,40.771,-73.962
1,004700,40.722,-74.003
1,004900,40.725,-74.0
1,013200,40.77,-73.951
1,013400,40.772,-73.956
1,011000,40.762,-73.963
1,013800,40.775,-73.954
1,014000,40.776,-73.958
1,014402,40.776,-73.945
1,014200,40.777,-73.961
1,002202,40.721,-73.981
1,003002,40.723,-73.986
1,018200,40.798,-73.942
1,018800,40.798,-73.937
1,017900,40.793,-73.976
1,018300,40.796,-73.974
1,016800,40.791,-73.951
3,019700,40.688,-73.967
3,023100,40.686,-73.961
3,001800,40.655,-74.013
3,005300,40.675,-74.01
5,027301,40.6,-74.152
5,027302,40.596,-74.139
5,007000,40.588,-74.078
5,011201,40.579,-74.088
3,034300,40.674,-73.939
3,034500,40.673,-73.934
3,022700,40.682,-73.957
3,024700,40.679,-73.949
3,114201,40.68,-73.897
3,119800,40.676,-73.894
3,082400,40.649,-73.949
3,082600,40.645,-73.949
4,045500,40.736,-73.862
4,071702,40.733,-73.863
3,015200,40.615,-74.024
3,016400,40.608,-74.028
2,006700,40.819,-73.918
2,006900,40.822,-73.916
2,003100,40.81,-73.906
2,038302,40.857,-73.895
2,036502,40.842,-73.888
2,036700,40.841,-73.889
2,002000,40.818,-73.866
2,002400,40.816,-73.871
2,007700,40.82,-73.904
1,023000,40.818,-73.941
1,023200,40.821,-73.94
3,046400,40.625,-73.978
3,047400,40.629,-73.982
2,022401,40.855,-73.869
2,023000,40.849,-73.866
3,045800,40.626,-73.969
3,046202,40.625,-73.974
3,040300,40.685,-73.908
3,041100,40.688,-73.907
4,095400,40.593,-73.8
4,096400,40.594,-73.793
5,015400,40.546,-74.128
5,015603,40.538,-74.148
1,025700,40.808,-73.954
1,019701,40.805,-73.959
1,020102,40.805,-73.957
5,020801,40.549,-74.21
5,017007,40.558,-74.188
2,015500,40.836,-73.89
3,006500,40.679,-73.999
2,038500,40.856,-73.892
2,039500,40.848,-73.897
1,006600,40.74,-73.979
1,005600,40.742,-73.987
1,007400,40.746,-73.984
3,119000,40.679,-73.872
3,119600,40.676,-73.873
3,021800,40.634,-73.998
3,022000,40.636,-73.996
3,009400,40.643,-74.001
3,009600,40.646,-74.006
3,061600,40.577,-73.94
3,062000,40.579,-73.946
4,009100,40.776,-73.93
1,015200,40.78,-73.944
3,007100,40.683,-73.987
3,011900,40.675,-73.99
4,033100,40.774,-73.874
3,037000,40.588,-73.963
3,039000,40.593,-73.964
4,076901,40.716,-73.838
4,076902,40.715,-73.834
4,029900,40.764,-73.899
4,031700,40.77,-73.893
2,027401,40.84,-73.823
2,027402,40.843,-73.817
4,071100,40.722,-73.852
4,071306,40.726,-73.856
1,016700,40.785,-73.981
3,025600,40.615,-73.986
3,043200,40.611,-73.981
5,022600,40.537,-74.23
5,024800,40.515,-74.242
4,059200,40.701,-73.73
4,062200,40.692,-73.729
3,036700,40.678,-73.905
4,000100,40.743,-73.951
4,063800,40.67,-73.733
4,157102,40.735,-73.725
5,027900,40.575,-74.149
4,129103,40.737,-73.76
1,023300,40.829,-73.95
1,023700,40.831,-73.948
2,041400,40.904,-73.854
2,041800,40.897,-73.858
4,052500,40.719,-73.907
4,059500,40.714,-73.908
2,016500,40.843,-73.9
2,016700,40.84,-73.902
4,002500,40.755,-73.945
1,021400,40.818,-73.936
1,023600,40.825,-73.936
2,041100,40.876,-73.887
2,041300,40.874,-73.885
2,046201,40.874,-73.827
4,156700,40.741,-73.73
4,157101,40.739,-73.72
2,043500,40.895,-73.882
2,045101,40.897,-73.864
2,028400,40.85,-73.839
4,000700,40.745,-73.951
3,057900,40.734,-73.949
3,058900,40.729,-73.941
1,013500,40.769,-73.993
2,014500,40.832,-73.907
2,014701,40.834,-73.905
3,077200,40.632,-73.953
3,077400,40.631,-73.948
4,003300,40.754,-73.938
3,009000,40.647,-73.997
3,011000,40.645,-73.993
5,000800,40.612,-74.068
5,003600,40.611,-74.076
1,011500,40.757,-73.994
4,008800,40.671,-73.839
4,006202,40.666,-73.855
1,015900,40.78,-73.985
1,016300,40.783,-73.984
3,079200,40.645,-73.955
3,079400,40.649,-73.955
1,014300,40.782,-73.966
4,032000,40.661,-73.765
4,068000,40.664,-73.75
4,048300,40.742,-73.893
2,007100,40.818,-73.913
2,007500,40.819,-73.909
2,014100,40.824,-73.912
2,018500,40.827,-73.907
4,024500,40.739,-73.905
4,024700,40.742,-73.899
5,014606,40.563,-74.143
3,070202,40.593,-73.892
3,007500,40.681,-73.992
3,007700,40.677,-73.995
4,056800,40.716,-73.734
4,058000,40.707,-73.731
4,013700,40.769,-73.905
4,014100,40.767,-73.907
3,105804,40.646,-73.884
2,033400,40.858,-73.875
2,037600,40.875,-73.869
2,017300,40.826,-73.917
2,033700,40.906,-73.903
2,034500,40.904,-73.899
2,011502,40.82,-73.886
2,012300,40.829,-73.887
4,060701,40.717,-73.894
2,003700,40.811,-73.912
1,014700,40.771,-73.989
1,015100,40.774,-73.99
1,008601,40.746,-73.971
1,008800,40.749,-73.972
2,022000,40.843,-73.873
1,008602,40.75,-73.967
1,009000,40.753,-73.97
3,050803,40.654,-73.961
3,079802,40.658,-73.961
2,006100,40.822,-73.923
2,025700,40.86,-73.914
3,152200,40.644,-73.967
2,005300,40.852,-73.922
2,024700,40.855,-73.918
4,060300,40.714,-73.899
4,061301,40.709,-73.893
4,089200,40.654,-73.846
4,006201,40.667,-73.847
4,088400,40.658,-73.834
2,018301,40.829,-73.921
2,019500,40.83,-73.923
2,005902,40.824,-73.923
5,014604,40.55,-74.16
5,014605,40.559,-74.15
5,005900,40.625,-74.099
3,051200,40.647,-73.963
4,032900,40.764,-73.883
2,011000,40.817,-73.833
2,016600,40.83,-73.83
2,019400,40.834,-73.836
3,050600,40.649,-73.967
1,024000,40.791,-73.925
3,006300,40.682,-74.001
3,005100,40.683,-74.003
3,005900,40.679,-74.006
4,037300,40.76,-73.86
5,021300,40.633,-74.139
5,024700,40.628,-74.142
1,029700,40.872,-73.924
1,030300,40.869,-73.919
5,019800,40.518,-74.205
5,020803,40.533,-74.211
3,035400,40.58,-73.973
3,036600,40.583,-73.964
4,003700,40.762,-73.944
4,003900,40.763,-73.941
4,034700,40.767,-73.879
2,015700,40.833,-73.886
2,016100,40.837,-73.885
1,031703,40.715,-74.015
5,029103,40.604,-74.171
3,001300,40.698,-73.988
5,013203,40.55,-74.143
5,013204,40.559,-74.13
5,013201,40.565,-74.123
5,013800,40.57,-74.132
1,011700,40.76,-74.0
1,012900,40.764,-73.997
3,017100,40.657,-73.977
3,050202,40.654,-73.975
3,050000,40.648,-73.977
3,150200,40.655,-73.981
4,056400,40.722,-73.733
1,023900,40.832,-73.941
1,024500,40.837,-73.942
3,054300,40.701,-73.971
3,054500,40.705,-73.965
4,030902,40.758,-73.896
4,030904,40.764,-73.891
3,069602,40.622,-73.91
3,070600,40.614,-73.899
4,069000,40.66,-73.755
4,069400,40.656,-73.75
5,017008,40.556,-74.18
5,022800,40.577,-74.186
2,005600,40.833,-73.879
2,006200,40.833,-73.876
4,127700,40.724,-73.783
1,031704,40.708,-74.017
2,006000,40.838,-73.878
2,021800,40.837,-73.87
1,001300,40.709,-74.013
1,002100,40.714,-74.01
2,021601,40.838,-73.865
2,021602,40.837,-73.862
1,024302,40.832,-73.937
1,031100,40.847,-73.93
4,138502,40.752,-73.746
4,152901,40.752,-73.734
4,047600,40.722,-73.771
4,128300,40.734,-73.769
3,014100,40.665,-73.989
3,010100,40.658,-74.0
4,024300,40.737,-73.902
4,048900,40.737,-73.892
3,014500,40.661,-73.995
3,011700,40.669,-73.993
3,014300,40.664,-73.993
4,055200,40.728,-73.75
4,129102,40.732,-73.754
4,068300,40.735,-73.869
2,021001,40.841,-73.858
4,021900,40.724,-73.918
4,053500,40.716,-73.916
4,047500,40.734,-73.875
4,068700,40.73,-73.869
1,000202,40.712,-73.981
3,002100,40.703,-73.986
3,038700,40.691,-73.928
3,039500,40.693,-73.925
3,028900,40.693,-73.933
3,039300,40.696,-73.93
2,001900,40.803,-73.915
2,009300,40.809,-73.889
4,003600,40.684,-73.857
3,118600,40.681,-73.868
3,032700,40.663,-73.959
2,003500,40.811,-73.909
2,007300,40.815,-73.909
2,005100,40.813,-73.928
2,006300,40.824,-73.928
5,007500,40.634,-74.091
5,007700,40.638,-74.09
4,001900,40.749,-73.945
4,017100,40.75,-73.925
5,014100,40.629,-74.127
5,012500,40.629,-74.119
5,014700,40.619,-74.116
1,000800,40.712,-73.995
3,036502,40.675,-73.908
3,114400,40.673,-73.899
1,006200,40.739,-73.974
3,056300,40.735,-73.958
4,103201,40.608,-73.755
4,103202,40.607,-73.748
2,004100,40.811,-73.919
2,004300,40.814,-73.917
3,095400,40.639,-73.915
3,096000,40.646,-73.915
3,099600,40.633,-73.908
3,099800,40.63,-73.908
1,010602,40.76,-73.959
1,011600,40.763,-73.956
1,011401,40.765,-73.97
2,023800,40.844,-73.861
2,024000,40.842,-73.869
1,004200,40.732,-73.989
1,005700,40.729,-73.992
1,028700,40.864,-73.932
1,029100,40.864,-73.924
4,099100,40.79,-73.8
4,099705,40.787,-73.786
4,021600,40.709,-73.824
4,038302,40.741,-73.841
2,033500,40.894,-73.905
2,035100,40.895,-73.9
2,027600,40.855,-73.822
2,030200,40.864,-73.822
2,011800,40.813,-73.804
2,013800,40.822,-73.81
1,023801,40.757,-73.954
1,023802,40.768,-73.945
1,002700,40.713,-73.999
1,002900,40.714,-74.001
3,062600,40.592,-73.934
3,062800,40.59,-73.927
5,011202,40.571,-74.097
5,012804,40.565,-74.104
3,066200,40.609,-73.924
3,066600,40.594,-73.916
3,105801,40.649,-73.881
3,107000,40.649,-73.869
1,002400,40.724,-73.974
3,055500,40.718,-73.963
3,017700,40.662,-73.969
3,050400,40.649,-73.974
